timestep,avg_reward,avg_length,success_rate
1000,72.69998,250.0,0.0
2000,53.249897,250.0,0.0
3000,41.316586,250.0,0.0
4000,54.899853,250.0,0.0
5000,53.17988,250.0,0.0
6000,55.724865,250.0,0.0
7000,56.45701,250.0,0.0
8000,50.656136,250.0,0.0
9000,45.888783,250.0,0.0
10000,49.6549,250.0,0.0
11000,48.099903,250.0,0.0
12000,45.295746,250.0,0.0
13000,47.69222,249.42307692307693,1.9230769230769231
14000,51.957054,249.39285714285714,3.571428571428571
15000,50.05992,249.43333333333334,3.3333333333333335
16000,49.896793,249.46875,3.125
17000,48.920506,249.5,2.941176470588235
18000,48.66103,249.52777777777777,2.7777777777777777
19000,49.163067,249.55263157894737,2.631578947368421
20000,48.66991,249.575,2.5
21000,46.988007,249.5952380952381,2.380952380952381
22000,47.349915,249.61363636363637,2.272727272727273
23000,46.978172,249.6304347826087,2.1739130434782608
24000,44.95616,249.64583333333334,2.083333333333333
25000,44.02591,249.66,2.0
26000,45.253902,249.66,2.0
27000,47.149906,248.64,3.0
28000,50.073902,248.18,4.0
29000,47.73191,248.18,4.0
30000,46.22991,248.18,4.0
31000,44.18992,248.18,4.0
32000,41.145924,248.18,4.0
33000,43.727924,248.18,4.0
34000,44.295914,248.18,4.0
35000,43.32392,248.18,4.0
36000,45.73392,248.18,4.0
37000,46.69591,248.18,4.0
38000,44.211926,248.48,3.0
39000,42.089928,248.52,2.0
40000,43.44592,248.52,2.0
41000,44.30992,248.52,2.0
42000,46.90293,246.91,3.0
43000,48.084923,246.91,3.0
44000,45.170948,246.91,3.0
45000,45.784946,246.91,3.0
46000,47.384937,246.91,3.0
47000,46.35294,246.91,3.0
48000,47.15494,246.91,3.0
49000,50.442936,246.91,3.0
50000,50.386944,246.91,3.0
51000,48.192947,247.93,2.0
52000,51.01294,246.67,2.0
53000,49.07495,246.67,2.0
54000,51.89995,245.1,3.0
55000,54.313942,245.1,3.0
56000,55.999943,245.1,3.0
57000,55.50394,245.1,3.0
58000,56.17995,245.1,3.0
59000,55.717945,245.1,3.0
60000,54.625954,245.1,3.0
61000,52.779945,245.1,3.0
62000,53.509945,245.1,3.0
63000,53.115944,245.1,3.0
64000,52.17595,245.1,3.0
65000,52.025948,245.1,3.0
66000,51.049942,245.1,3.0
67000,49.586937,246.71,2.0
68000,50.10295,246.71,2.0
69000,50.862953,246.71,2.0
70000,49.702938,246.71,2.0
71000,53.984936,246.31,4.0
72000,54.76894,246.31,4.0
73000,55.68694,246.31,4.0
74000,54.360943,246.31,4.0
75000,56.944935,244.73,5.0
76000,55.814938,244.73,5.0
77000,53.44294,246.45,4.0
78000,56.59093,246.29,4.0
79000,58.67892,246.29,4.0
80000,61.03393,245.48,5.0
81000,66.03192,243.16,7.000000000000001
82000,68.47792,241.96,8.0
83000,71.769905,241.96,8.0
84000,71.29592,241.96,8.0
85000,75.73191,240.66,9.0
86000,75.48392,240.66,9.0
87000,79.62791,239.36,10.0
88000,81.381905,239.36,10.0
89000,80.71591,239.36,10.0
90000,81.3699,239.36,10.0
91000,81.16791,239.36,10.0
92000,80.17591,239.36,10.0
93000,84.50289,238.25,11.0
94000,84.816925,238.25,11.0
95000,81.808914,238.65,9.0
96000,80.140915,238.65,9.0
97000,84.17192,236.96,11.0
98000,88.86091,232.53,14.000000000000002
99000,85.09292,234.11,13.0
100000,87.79291,232.87,14.000000000000002
101000,85.44692,232.87,14.000000000000002
102000,82.24993,234.6,13.0
103000,81.84894,234.79,13.0
104000,82.17194,231.8,14.000000000000002
105000,82.28895,231.31,14.000000000000002
106000,78.89496,231.31,14.000000000000002
107000,81.78795,229.42,16.0
108000,79.29996,230.72,15.0
109000,84.38994,227.48,17.0
110000,86.27095,226.07,18.0
111000,85.988945,226.07,18.0
112000,87.413956,224.82,19.0
113000,92.033936,222.18,21.0
114000,97.35495,219.57,23.0
115000,97.18295,220.41,23.0
116000,97.741936,220.26,24.0
117000,99.74494,219.33,25.0
118000,101.993935,217.34,26.0
119000,100.00893,218.23,25.0
120000,97.58392,221.32,23.0
121000,95.319916,222.66,22.0
122000,96.64791,223.08,22.0
123000,99.20592,221.44,23.0
124000,100.4059,220.58,24.0
125000,99.5029,219.83,24.0
126000,96.8229,221.75,23.0
127000,95.8309,223.55,22.0
128000,98.431885,222.72,23.0
129000,98.01988,222.24,22.0
130000,99.07788,222.24,22.0
131000,96.69587,223.8,21.0
132000,94.20987,226.4,20.0
133000,93.477875,226.4,20.0
134000,93.25987,226.4,20.0
135000,92.80486,227.97,19.0
136000,94.00987,229.18,19.0
137000,92.52286,229.71,18.0
138000,88.727875,229.98,17.0
139000,87.91487,230.13,16.0
140000,85.17986,231.06,15.0
141000,82.98487,233.05,14.000000000000002
142000,83.15988,233.74,14.000000000000002
143000,84.90189,231.98,15.0
144000,88.05989,230.12,16.0
145000,85.6259,230.94,15.0
146000,88.589905,231.12,16.0
147000,86.399895,231.98,15.0
148000,93.64889,230.99,17.0
149000,96.98088,230.25,18.0
150000,93.11189,231.76,17.0
151000,89.49289,233.27,16.0
152000,86.54788,234.96,15.0
153000,90.58689,232.15,17.0
154000,92.008896,231.17,18.0
155000,87.4719,232.96,16.0
156000,95.69989,229.14,19.0
157000,94.25391,229.14,19.0
158000,92.44291,229.25,19.0
159000,87.72893,229.27,18.0
160000,88.01291,231.31,18.0
161000,89.16689,230.29,19.0
162000,93.61791,228.98,21.0
163000,97.51289,225.43,23.0
164000,104.7419,220.12,26.0
165000,102.382904,221.29,26.0
166000,101.52688,221.33,26.0
167000,103.10788,219.14,27.0
168000,102.296875,218.49,27.0
169000,105.98086,215.67,28.999999999999996
170000,108.069885,214.06,30.0
171000,108.97788,213.82,30.0
172000,113.07587,212.94,31.0
173000,112.10187,212.96,31.0
174000,112.95888,213.19,31.0
175000,107.661865,215.66,28.999999999999996
176000,107.07787,215.66,28.999999999999996
177000,107.80186,215.84,28.999999999999996
178000,103.68887,216.55,28.000000000000004
179000,104.43087,215.97,28.000000000000004
180000,104.006874,215.97,28.000000000000004
181000,106.93388,214.04,28.999999999999996
182000,104.249886,215.06,28.000000000000004
183000,105.96289,215.55,28.000000000000004
184000,101.829895,217.54,26.0
185000,103.86489,218.53,26.0
186000,101.59588,218.78,25.0
187000,100.39988,220.64,24.0
188000,100.46487,222.75,24.0
189000,103.12587,222.6,25.0
190000,105.87288,221.53,26.0
191000,103.40089,222.61,25.0
192000,104.62689,221.97,25.0
193000,103.69189,222.32,25.0
194000,107.703896,220.88,27.0
195000,107.67089,219.49,27.0
196000,109.95488,218.51,28.000000000000004
197000,118.625885,212.86,32.0
198000,115.44389,214.34,31.0
199000,121.405876,212.34,33.0
200000,123.90089,211.01,34.0
201000,130.21988,209.02,36.0
202000,131.70287,207.31,36.0
203000,134.82889,205.67,37.0
204000,134.9589,203.99,38.0
205000,135.4389,203.89,38.0
206000,140.31688,201.67,40.0
207000,144.91187,198.58,42.0
208000,145.69888,198.39,41.0
209000,146.7629,194.69,42.0
210000,139.68588,196.98,40.0
211000,135.07388,199.02,38.0
212000,135.00287,199.53,38.0
213000,132.88388,200.3,37.0
214000,126.698875,202.59,35.0
215000,125.22488,203.37,34.0
216000,123.63089,207.01,33.0
217000,119.22589,208.3,32.0
218000,115.81286,211.31,30.0
219000,121.93984,208.72,32.0
220000,121.65585,210.38,31.0
221000,120.34184,212.6,30.0
222000,120.686844,211.09,30.0
223000,120.25883,211.09,30.0
224000,114.64585,213.42,28.999999999999996
225000,112.799835,216.44,27.0
226000,115.82683,214.81,28.000000000000004
227000,114.792854,212.19,28.999999999999996
228000,112.35484,213.67,28.000000000000004
229000,110.413826,216.32,27.0
230000,110.063835,216.14,27.0
231000,118.76182,211.48,30.0
232000,120.66783,211.16,31.0
233000,118.91782,212.28,30.0
234000,117.729836,211.54,30.0
235000,120.94081,210.35,31.0
236000,125.87979,207.9,33.0
237000,124.599815,207.1,32.0
238000,126.51581,207.1,32.0
239000,129.16483,207.11,33.0
240000,126.937805,207.74,32.0
241000,123.9578,208.08,31.0
242000,123.444824,206.99,31.0
243000,120.74082,208.97,30.0
244000,124.57983,208.08,32.0
245000,128.60382,206.42,33.0
246000,126.49982,206.02,33.0
247000,124.93383,207.42,32.0
248000,121.49083,208.75,31.0
249000,123.326836,209.85,32.0
250000,121.38585,209.58,32.0
251000,116.071846,212.76,30.0
252000,115.06885,213.81,28.999999999999996
253000,121.44786,211.1,31.0
254000,120.14487,211.39,31.0
255000,126.66986,209.26,33.0
256000,132.32986,207.1,35.0
257000,135.70987,205.06,36.0
258000,140.50986,201.38,38.0
259000,137.99388,201.22,37.0
260000,139.5429,201.69,37.0
261000,142.69788,200.16,38.0
262000,142.47089,200.11,38.0
263000,142.07889,199.73,38.0
264000,146.06587,197.12,39.0
265000,144.67088,199.19,38.0
266000,151.33788,198.44,40.0
267000,156.71385,195.22,42.0
268000,156.08188,193.54,42.0
269000,155.71988,193.7,41.0
270000,161.31789,190.26,43.0
271000,162.20786,189.44,44.0
272000,160.65385,192.28,43.0
273000,159.80084,192.15,43.0
274000,157.88686,193.75,42.0
275000,156.56885,195.67,41.0
276000,155.71486,195.73,41.0
277000,151.86285,199.01,40.0
278000,150.14185,200.22,40.0
279000,153.07086,198.51,42.0
280000,156.38284,197.11,44.0
281000,157.15582,195.98,45.0
282000,155.46683,196.95,45.0
283000,158.23982,197.16,46.0
284000,164.23784,192.66,49.0
285000,165.09384,192.4,50.0
286000,165.29181,191.72,50.0
287000,167.57883,192.07,50.0
288000,172.65279,186.63,53.0
289000,173.7858,188.34,54.0
290000,170.4608,190.59,52.0
291000,182.56482,182.95,56.99999999999999
292000,186.29381,179.74,59.0
293000,182.87383,178.96,57.99999999999999
294000,193.00983,171.08,63.0
295000,193.41684,169.77,63.0
296000,193.49483,168.93,63.0
297000,188.07484,172.13,61.0
298000,193.86984,167.26,64.0
299000,201.19086,164.17,67.0
300000,199.07985,164.28,66.0
301000,196.49484,168.03,65.0
302000,194.94588,167.42,64.0
303000,194.59384,166.5,64.0
304000,194.89085,166.67,64.0
305000,192.20184,167.78,63.0
306000,194.12285,162.21,64.0
307000,190.95688,164.31,63.0
308000,191.54584,165.34,63.0
309000,182.73186,169.52,59.0
310000,186.42383,168.2,60.0
311000,178.98184,173.46,56.99999999999999
312000,179.52885,174.65,56.99999999999999
313000,183.19286,175.11,57.99999999999999
314000,184.57385,171.82,59.0
315000,182.40382,171.64,57.99999999999999
316000,180.95786,173.76,56.99999999999999
317000,174.69586,175.88,54.0
318000,171.47084,177.79,53.0
319000,169.84883,177.25,53.0
320000,171.11086,174.41,55.00000000000001
321000,168.48984,177.56,54.0
322000,164.29987,180.3,53.0
323000,168.62889,177.43,55.00000000000001
324000,166.73987,180.22,53.0
325000,167.62585,180.34,53.0
326000,164.66386,180.54,52.0
327000,168.89586,179.7,54.0
328000,171.45786,177.98,55.00000000000001
329000,174.21786,174.84,56.00000000000001
330000,172.98389,175.9,56.00000000000001
331000,175.17685,175.05,56.00000000000001
332000,174.35387,175.36,56.00000000000001
333000,178.33386,172.72,57.99999999999999
334000,181.85583,169.52,59.0
335000,180.68387,170.48,57.99999999999999
336000,178.10187,173.7,56.00000000000001
337000,178.45786,174.48,56.00000000000001
338000,182.23488,171.45,57.99999999999999
339000,186.31787,169.66,59.0
340000,186.47986,171.92,59.0
341000,185.6679,174.28,59.0
342000,187.74387,172.56,61.0
343000,184.28888,175.37,59.0
344000,187.59486,172.95,61.0
345000,188.1409,174.41,61.0
346000,189.1529,176.97,62.0
347000,185.73792,177.92,61.0
348000,179.9179,181.3,57.99999999999999
349000,175.3069,184.57,56.00000000000001
350000,177.13788,183.74,56.99999999999999
351000,175.1749,186.63,56.00000000000001
352000,174.58289,187.05,56.00000000000001
353000,177.35986,183.74,57.99999999999999
354000,184.8529,178.71,62.0
355000,183.06792,179.12,61.0
356000,183.4199,179.8,60.0
357000,186.46887,179.13,61.0
358000,185.26488,177.07,61.0
359000,185.10089,175.99,60.0
360000,180.44289,178.47,57.99999999999999
361000,183.10187,178.88,59.0
362000,181.18288,181.01,57.99999999999999
363000,175.29887,182.87,55.00000000000001
364000,167.77588,183.8,52.0
365000,169.82988,182.4,53.0
366000,174.67989,180.26,55.00000000000001
367000,171.7629,180.57,54.0
368000,170.61386,180.62,54.0
369000,173.74088,180.41,55.00000000000001
370000,168.5519,183.82,53.0
371000,167.9389,185.21,52.0
372000,164.99388,187.86,50.0
373000,169.32088,185.63,52.0
374000,170.1449,187.69,52.0
375000,167.6529,191.29,51.0
376000,160.60991,193.4,49.0
377000,158.66191,195.92,48.0
378000,160.38988,197.8,49.0
379000,163.0509,195.85,51.0
380000,165.7269,195.57,53.0
381000,163.29388,196.52,51.0
382000,164.59589,196.1,51.0
383000,168.30785,196.56,53.0
384000,167.49287,197.55,53.0
385000,169.32187,197.64,54.0
386000,169.22787,195.96,54.0
387000,173.22787,194.82,55.00000000000001
388000,174.40889,195.73,55.00000000000001
389000,178.27988,190.92,56.99999999999999
390000,180.26187,190.62,57.99999999999999
391000,177.81787,192.04,57.99999999999999
392000,178.51288,191.19,57.99999999999999
393000,179.0759,190.22,57.99999999999999
394000,186.60686,185.57,61.0
395000,193.52486,183.59,63.0
396000,194.42487,181.95,63.0
397000,196.07784,178.4,63.0
398000,198.28885,175.47,64.0
399000,201.92186,174.54,66.0
400000,197.77588,173.82,64.0
401000,202.64685,169.25,66.0
402000,196.79488,169.39,64.0
403000,199.29187,168.94,65.0
404000,198.29988,168.6,65.0
405000,192.31287,170.49,63.0
406000,188.72089,173.21,61.0
407000,188.69084,172.63,61.0
408000,191.45088,173.17,62.0
409000,197.98087,171.19,65.0
410000,193.8809,174.17,63.0
411000,192.4859,174.86,63.0
412000,185.84584,177.32,60.0
413000,185.61688,177.63,59.0
414000,184.53888,178.23,59.0
415000,180.97687,182.37,57.99999999999999
416000,178.56987,184.02,56.99999999999999
417000,174.63986,184.6,56.00000000000001
418000,176.65787,181.78,56.99999999999999
419000,181.36586,182.42,59.0
420000,180.30586,185.52,57.99999999999999
421000,184.74586,181.62,60.0
422000,180.26785,184.64,57.99999999999999
423000,190.88287,178.33,62.0
424000,188.41687,178.23,62.0
425000,185.37192,178.16,61.0
426000,180.82889,180.03,59.0
427000,177.34286,181.87,57.99999999999999
428000,174.22289,183.53,56.99999999999999
429000,174.71591,181.82,57.99999999999999
430000,180.99086,179.05,61.0
431000,179.1729,180.17,61.0
432000,174.45988,182.48,59.0
433000,173.93289,182.95,59.0
434000,176.7519,181.2,61.0
435000,175.68486,183.19,60.0
436000,175.0099,183.5,60.0
437000,177.6599,180.06,61.0
438000,180.26088,178.29,62.0
439000,182.58488,179.13,63.0
440000,188.8409,174.31,65.0
441000,188.2069,177.83,65.0
442000,199.72588,172.26,69.0
443000,210.20789,167.26,72.0
444000,209.52086,166.87,71.0
445000,207.35887,168.39,70.0
446000,210.00385,166.96,71.0
447000,203.55087,167.99,68.0
448000,206.22888,167.99,70.0
449000,215.00684,164.31,73.0
450000,217.65485,162.15,73.0
451000,218.60884,160.83,73.0
452000,218.18582,162.38,72.0
453000,219.25084,163.27,72.0
454000,211.62683,167.67,69.0
455000,206.88184,170.84,67.0
456000,207.64484,170.17,67.0
457000,201.72084,172.79,65.0
458000,199.99484,174.37,64.0
459000,199.28383,176.3,63.0
460000,195.59682,179.25,62.0
461000,194.95084,178.39,62.0
462000,198.72684,174.91,63.0
463000,205.31984,170.54,66.0
464000,207.39981,169.46,67.0
465000,208.89684,164.17,68.0
466000,205.49887,166.09,67.0
467000,209.70787,165.0,69.0
468000,219.21483,159.77,74.0
469000,220.62083,156.85,75.0
470000,228.15388,151.98,77.0
471000,228.46884,152.31,78.0
472000,231.54086,150.47,79.0
473000,228.56485,152.59,78.0
474000,226.06984,151.28,77.0
475000,228.34987,149.02,78.0
476000,223.9159,151.42,76.0
477000,225.69188,150.4,77.0
478000,220.02185,155.1,74.0
479000,223.14288,150.97,75.0
480000,222.13687,153.33,74.0
481000,221.95088,152.95,74.0
482000,220.44783,152.88,73.0
483000,218.56787,153.1,72.0
484000,214.87785,155.38,70.0
485000,214.55185,158.3,70.0
486000,216.96388,160.58,71.0
487000,219.14383,158.78,72.0
488000,215.48984,160.94,70.0
489000,218.07784,159.78,71.0
490000,216.72787,161.1,70.0
491000,221.63283,157.49,72.0
492000,222.97484,158.11,73.0
493000,219.29086,160.79,72.0
494000,215.67984,162.82,71.0
495000,216.64082,165.63,71.0
496000,220.74687,164.39,73.0
497000,224.91283,164.01,75.0
498000,228.10184,160.6,76.0
499000,231.32887,158.91,78.0
500000,230.97581,158.24,78.0
501000,229.06685,152.73,78.0
